Date,SPY,TSLA
2014-12-31,205.5399932861328,44.481998443603516
2015-01-02,205.42999267578125,43.86199951171875
2015-01-05,201.72000122070312,42.018001556396484
2015-01-06,199.82000732421875,42.25600051879883
2015-01-07,202.30999755859375,42.189998626708984
2015-01-08,205.89999389648438,42.124000549316406
2015-01-09,204.25,41.332000732421875
2015-01-12,202.64999389648438,40.44200134277344
2015-01-13,202.0800018310547,40.849998474121094
2015-01-14,200.86000061035156,38.53799819946289
2015-01-15,199.02000427246094,38.374000549316406
2015-01-16,201.6300048828125,38.61399841308594
2015-01-20,202.05999755859375,38.38600158691406
2015-01-21,203.0800018310547,39.31399917602539
2015-01-22,206.10000610351562,40.32400131225586
2015-01-23,204.97000122070312,40.257999420166016
2015-01-26,205.4499969482422,41.310001373291016
2015-01-27,202.74000549316406,41.19599914550781
2015-01-28,200.13999938964844,39.874000549316406
2015-01-29,201.99000549316406,41.040000915527344
2015-01-30,199.4499969482422,40.720001220703125
2015-02-02,201.9199981689453,42.1879997253418
2015-02-03,204.83999633789062,43.672000885009766
2015-02-04,204.05999755859375,43.709999084472656
2015-02-05,206.1199951171875,44.198001861572266
2015-02-06,205.5500030517578,43.47200012207031
2015-02-09,204.6300048828125,43.49599838256836
2015-02-10,206.80999755859375,43.257999420166016
2015-02-11,206.92999267578125,42.560001373291016
2015-02-12,208.9199981689453,40.57600021362305
2015-02-13,209.77999877929688,40.75400161743164
2015-02-17,210.11000061035156,40.869998931884766
2015-02-18,210.1300048828125,40.891998291015625
2015-02-19,209.97999572753906,42.34199905395508
2015-02-20,211.24000549316406,43.422000885009766
2015-02-23,211.2100067138672,41.46799850463867
2015-02-24,211.80999755859375,40.821998596191406
2015-02-25,211.6300048828125,40.75199890136719
2015-02-26,211.3800048828125,41.4379997253418
2015-02-27,210.66000366210938,40.667999267578125
2015-03-02,211.99000549316406,39.465999603271484
2015-03-03,211.1199951171875,39.9119987487793
2015-03-04,210.22999572753906,40.487998962402344
2015-03-05,210.4600067138672,40.125999450683594
2015-03-06,207.5,38.7760009765625
2015-03-09,208.36000061035156,38.17599868774414
2015-03-10,204.97999572753906,38.06399917602539
2015-03-11,204.5,38.74800109863281
2015-03-12,207.10000610351562,38.2140007019043
2015-03-13,205.8300018310547,37.736000061035156
2015-03-16,208.5800018310547,39.13999938964844
2015-03-17,207.9600067138672,38.94599914550781
2015-03-18,210.4600067138672,40.141998291015625
2015-03-19,209.5,39.130001068115234
2015-03-20,210.41000366210938,39.61600112915039
2015-03-23,210.0,39.92599868774414
2015-03-24,208.82000732421875,40.34400177001953
2015-03-25,205.75999450683594,38.86000061035156
2015-03-26,205.27000427246094,38.082000732421875
2015-03-27,205.74000549316406,37.0
2015-03-30,208.25,38.11399841308594
2015-03-31,206.42999267578125,37.75400161743164
2015-04-01,205.6999969482422,37.518001556396484
2015-04-02,206.44000244140625,38.20000076293945
2015-04-06,207.8300018310547,40.619998931884766
2015-04-07,207.27999877929688,40.650001525878906
2015-04-08,207.97999572753906,41.534000396728516
2015-04-09,208.89999389648438,42.018001556396484
2015-04-10,210.0399932861328,42.18000030517578
2015-04-13,209.08999633789062,41.95600128173828
2015-04-14,209.49000549316406,41.492000579833984
2015-04-15,210.42999267578125,41.566001892089844
2015-04-16,210.3699951171875,41.34000015258789
2015-04-17,207.9499969482422,41.358001708984375
2015-04-20,209.85000610351562,41.05400085449219
2015-04-21,209.60000610351562,41.88199996948242
2015-04-22,210.6300048828125,43.88800048828125
2015-04-23,211.16000366210938,43.720001220703125
2015-04-24,211.64999389648438,43.68600082397461
2015-04-27,210.77000427246094,46.310001373291016
2015-04-28,211.44000244140625,46.09600067138672
2015-04-29,210.57000732421875,46.4900016784668
2015-04-30,208.4600067138672,45.209999084472656
2015-05-01,210.72000122070312,45.20600128173828
2015-05-04,211.32000732421875,46.10200119018555
2015-05-05,208.89999389648438,46.59000015258789
2015-05-06,208.0399932861328,46.08599853515625
2015-05-07,208.8699951171875,47.36000061035156
2015-05-08,211.6199951171875,47.321998596191406
2015-05-11,210.61000061035156,47.89799880981445
2015-05-12,209.97999572753906,48.948001861572266
2015-05-13,210.02000427246094,48.63600158691406
2015-05-14,212.2100067138672,48.81999969482422
2015-05-15,212.44000244140625,49.768001556396484
2015-05-18,213.10000610351562,49.75
2015-05-19,213.02999877929688,49.428001403808594
2015-05-20,212.8800048828125,48.869998931884766
2015-05-21,213.5,49.124000549316406
2015-05-22,212.99000549316406,49.54600143432617
2015-05-26,210.6999969482422,49.492000579833984
2015-05-27,212.6999969482422,49.486000061035156
2015-05-28,212.4600067138672,50.290000915527344
2015-05-29,211.13999938964844,50.15999984741211
2015-06-01,211.57000732421875,49.88999938964844
2015-06-02,211.36000061035156,49.66999816894531
2015-06-03,211.9199981689453,49.79800033569336
2015-06-04,210.1300048828125,49.183998107910156
2015-06-05,209.77000427246094,49.827999114990234
2015-06-08,208.47999572753906,51.257999420166016
2015-06-09,208.4499969482422,51.20000076293945
2015-06-10,210.9499969482422,50.13999938964844
2015-06-11,211.6300048828125,50.28200149536133
2015-06-12,210.00999450683594,50.13800048828125
2015-06-15,209.11000061035156,50.07600021362305
2015-06-16,210.25,50.624000549316406
2015-06-17,210.58999633789062,52.082000732421875
2015-06-18,212.77999877929688,52.37799835205078
2015-06-19,210.80999755859375,52.50199890136719
2015-06-22,211.88999938964844,51.95800018310547
2015-06-23,212.0399932861328,53.534000396728516
2015-06-24,210.5,53.034000396728516
2015-06-25,209.86000061035156,53.757999420166016
2015-06-26,209.82000732421875,53.417999267578125
2015-06-29,205.4199981689453,52.40399932861328
2015-06-30,205.85000610351562,53.652000427246094
2015-07-01,207.5,53.83000183105469
2015-07-02,207.30999755859375,56.00400161743164
2015-07-06,206.72000122070312,55.944000244140625
2015-07-07,208.02000427246094,53.57600021362305
2015-07-08,204.52999877929688,50.992000579833984
2015-07-09,204.89999389648438,51.58399963378906
2015-07-10,207.47999572753906,51.83000183105469
2015-07-13,209.77000427246094,52.43199920654297
2015-07-14,210.67999267578125,53.130001068115234
2015-07-15,210.61000061035156,52.62799835205078
2015-07-16,212.3000030517578,53.33599853515625
2015-07-17,212.47999572753906,54.93199920654297
2015-07-20,212.58999633789062,56.45199966430664
2015-07-21,211.75,53.354000091552734
2015-07-22,211.3699951171875,53.57400131225586
2015-07-23,210.17999267578125,53.439998626708984
2015-07-24,208.0,53.082000732421875
2015-07-27,206.7899932861328,50.60200119018555
2015-07-28,209.3300018310547,52.9640007019043
2015-07-29,210.77000427246094,52.763999938964844
2015-07-30,210.82000732421875,53.358001708984375
2015-07-31,210.5,53.22999954223633
2015-08-03,209.7899932861328,51.99800109863281
2015-08-04,209.3800048828125,53.25600051879883
2015-08-05,210.07000732421875,54.0260009765625
2015-08-06,208.35000610351562,49.22600173950195
2015-08-07,207.9499969482422,48.50199890136719
2015-08-10,210.57000732421875,48.22800064086914
2015-08-11,208.6699981689453,47.4739990234375
2015-08-12,208.9199981689453,47.63399887084961
2015-08-13,208.66000366210938,48.50199890136719
2015-08-14,209.4199981689453,48.630001068115234
2015-08-17,210.58999633789062,50.99800109863281
2015-08-18,209.97999572753906,52.14400100708008
2015-08-19,208.32000732421875,51.04999923706055
2015-08-20,203.97000122070312,48.43600082397461
2015-08-21,197.8300018310547,46.15399932861328
2015-08-24,189.5,43.77399826049805
2015-08-25,187.27000427246094,44.00600051879883
2015-08-26,194.4600067138672,44.96799850463867
2015-08-27,199.27000427246094,48.597999572753906
2015-08-28,199.27999877929688,49.69599914550781
2015-08-31,197.6699981689453,49.8120002746582
2015-09-01,191.77000427246094,47.72600173950195
2015-09-02,195.41000366210938,49.53799819946289
2015-09-03,195.5500030517578,49.11399841308594
2015-09-04,192.58999633789062,48.38600158691406
2015-09-08,197.42999267578125,49.63399887084961
2015-09-09,194.7899932861328,49.78200149536133
2015-09-10,195.85000610351562,49.69599914550781
2015-09-11,196.74000549316406,50.04800033569336
2015-09-14,196.00999450683594,50.63800048828125
2015-09-15,198.4600067138672,50.7140007019043
2015-09-16,200.17999267578125,52.45000076293945
2015-09-17,199.72999572753906,52.41400146484375
2015-09-18,195.4499969482422,52.124000549316406
2015-09-21,196.4600067138672,52.84000015258789
2015-09-22,193.91000366210938,52.1879997253418
2015-09-23,193.60000610351562,52.21200180053711
2015-09-24,192.89999389648438,52.624000549316406
2015-09-25,192.85000610351562,51.38199996948242
2015-09-28,188.00999450683594,49.68600082397461
2015-09-29,188.1199951171875,49.33000183105469
2015-09-30,191.6300048828125,49.68000030517578
2015-10-01,192.1300048828125,47.97600173950195
2015-10-02,195.0,49.513999938964844
2015-10-05,198.47000122070312,49.22999954223633
2015-10-06,197.7899932861328,48.29199981689453
2015-10-07,199.41000366210938,46.391998291015625
2015-10-08,201.2100067138672,45.34400177001953
2015-10-09,201.3300018310547,44.13800048828125
2015-10-12,201.52000427246094,43.11600112915039
2015-10-13,200.25,43.849998474121094
2015-10-14,199.2899932861328,43.375999450683594
2015-10-15,202.35000610351562,44.262001037597656
2015-10-16,203.27000427246094,45.402000427246094
2015-10-19,203.3699951171875,45.619998931884766
2015-10-20,203.11000061035156,42.60599899291992
2015-10-21,201.85000610351562,42.018001556396484
2015-10-22,205.25999450683594,42.34400177001953
2015-10-23,207.50999450683594,41.81800079345703
2015-10-26,207.0,43.051998138427734
2015-10-27,206.60000610351562,42.06999969482422
2015-10-28,208.9499969482422,42.59199905395508
2015-10-29,208.8300018310547,42.32600021362305
2015-10-30,207.92999267578125,41.38600158691406
2015-11-02,210.38999938964844,42.757999420166016
2015-11-03,211.0,41.66999816894531
2015-11-04,210.36000061035156,46.32600021362305
2015-11-05,210.14999389648438,46.354000091552734
2015-11-06,210.0399932861328,46.47200012207031
2015-11-09,208.0800018310547,45.066001892089844
2015-11-10,208.55999755859375,43.29999923706055
2015-11-11,207.74000549316406,43.816001892089844
2015-11-12,204.83999633789062,42.5880012512207
2015-11-13,202.5399932861328,41.4379997253418
2015-11-16,205.6199951171875,42.86199951171875
2015-11-17,205.47000122070312,42.79999923706055
2015-11-18,208.72999572753906,44.2140007019043
2015-11-19,208.5500030517578,44.36000061035156
2015-11-20,209.30999755859375,44.00199890136719
2015-11-23,209.07000732421875,43.54999923706055
2015-11-24,209.35000610351562,43.650001525878906
2015-11-25,209.32000732421875,45.928001403808594
2015-11-27,209.55999755859375,46.321998596191406
2015-11-30,208.69000244140625,46.051998138427734
2015-12-01,210.67999267578125,47.4379997253418
2015-12-02,208.52999877929688,46.39799880981445
2015-12-03,205.61000061035156,46.54199981689453
2015-12-04,209.6199951171875,46.07600021362305
2015-12-07,208.35000610351562,46.22600173950195
2015-12-08,206.9499969482422,45.34400177001953
2015-12-09,205.33999633789062,44.90399932861328
2015-12-10,205.8699951171875,45.41400146484375
2015-12-11,201.8800048828125,43.40399932861328
2015-12-14,202.89999389648438,43.715999603271484
2015-12-15,205.02999877929688,44.21799850463867
2015-12-16,208.02999877929688,46.902000427246094
2015-12-17,204.86000061035156,46.678001403808594
2015-12-18,200.02000427246094,46.09199905395508
2015-12-21,201.6699981689453,46.512001037597656
2015-12-22,203.5,45.9900016784668
2015-12-23,206.02000427246094,45.939998626708984
2015-12-24,205.67999267578125,46.11399841308594
2015-12-28,205.2100067138672,45.790000915527344
2015-12-29,207.39999389648438,47.4379997253418
2015-12-30,205.92999267578125,47.61800003051758
2015-12-31,203.8699951171875,48.00199890136719
2016-01-04,201.02000427246094,44.68199920654297
2016-01-05,201.36000061035156,44.68600082397461
2016-01-06,198.82000732421875,43.80799865722656
2016-01-07,194.0500030517578,43.130001068115234
2016-01-08,191.9199981689453,42.20000076293945
2016-01-11,192.11000061035156,41.56999969482422
2016-01-12,193.66000366210938,41.99399948120117
2016-01-13,188.8300018310547,40.0620002746582
2016-01-14,191.92999267578125,41.236000061035156
2016-01-15,187.80999755859375,40.99800109863281
2016-01-19,188.05999755859375,40.944000244140625
2016-01-20,185.64999389648438,39.7400016784668
2016-01-21,186.69000244140625,39.99399948120117
2016-01-22,190.52000427246094,40.5099983215332
2016-01-25,187.63999938964844,39.2760009765625
2016-01-26,190.1999969482422,38.71200180053711
2016-01-27,188.1300048828125,37.61399841308594
2016-01-28,189.11000061035156,37.939998626708984
2016-01-29,193.72000122070312,38.2400016784668
2016-02-01,193.64999389648438,39.38800048828125
2016-02-02,190.16000366210938,36.555999755859375
2016-02-03,191.3000030517578,34.69599914550781
2016-02-04,191.60000610351562,35.066001892089844
2016-02-05,187.9499969482422,32.52000045776367
2016-02-08,185.4199981689453,29.597999572753906
2016-02-09,185.42999267578125,29.649999618530273
2016-02-10,185.27000427246094,28.733999252319336
2016-02-11,182.86000061035156,30.0939998626709
2016-02-12,186.6300048828125,30.20800018310547
2016-02-16,189.77999877929688,31.034000396728516
2016-02-17,192.8800048828125,33.736000061035156
2016-02-18,192.08999633789062,33.354000091552734
2016-02-19,192.0,33.316001892089844
2016-02-22,194.77999877929688,35.54800033569336
2016-02-23,192.32000732421875,35.44200134277344
2016-02-24,193.1999969482422,35.79999923706055
2016-02-25,195.5399932861328,37.486000061035156
2016-02-26,195.08999633789062,38.06800079345703
2016-02-29,193.55999755859375,38.38600158691406
2016-03-01,198.11000061035156,37.27000045776367
2016-03-02,199.0,37.667999267578125
2016-03-03,199.77999877929688,39.14799880981445
2016-03-04,200.42999267578125,40.20800018310547
2016-03-07,200.58999633789062,41.05799865722656
2016-03-08,198.39999389648438,40.52000045776367
2016-03-09,199.3800048828125,41.74399948120117
2016-03-10,199.5399932861328,41.0359992980957
2016-03-11,202.75999450683594,41.5
2016-03-14,202.5,43.029998779296875
2016-03-15,202.1699981689453,43.667999267578125
2016-03-16,203.33999633789062,44.38600158691406
2016-03-17,204.6300048828125,45.2760009765625
2016-03-18,204.3800048828125,46.54800033569336
2016-03-21,204.6699981689453,47.66400146484375
2016-03-22,204.55999755859375,46.847999572753906
2016-03-23,203.2100067138672,44.51599884033203
2016-03-24,203.1199951171875,45.54999923706055
2016-03-28,203.24000549316406,46.051998138427734
2016-03-29,205.1199951171875,46.0260009765625
2016-03-30,206.02000427246094,45.37799835205078
2016-03-31,205.52000427246094,45.95399856567383
2016-04-01,206.9199981689453,47.518001556396484
2016-04-04,206.25,49.39799880981445
2016-04-05,204.19000244140625,51.09400177001953
2016-04-06,206.4199981689453,53.08399963378906
2016-04-07,203.9499969482422,51.439998626708984
2016-04-08,204.5,50.013999938964844
2016-04-11,204.02000427246094,49.98400115966797
2016-04-12,205.9199981689453,49.56399917602539
2016-04-13,208.0,50.90599822998047
2016-04-14,208.00999450683594,50.37200164794922
2016-04-15,207.77999877929688,50.902000427246094
2016-04-18,209.24000549316406,50.7760009765625
2016-04-19,209.89999389648438,49.4739990234375
2016-04-20,210.10000610351562,49.99399948120117
2016-04-21,208.97000122070312,49.65800094604492
2016-04-22,208.97000122070312,50.75
2016-04-25,208.61000061035156,50.36399841308594
2016-04-26,208.9199981689453,50.74800109863281
2016-04-27,209.35000610351562,50.29399871826172
2016-04-28,207.4499969482422,49.54199981689453
2016-04-29,206.3300018310547,48.152000427246094
2016-05-02,207.97000122070312,48.36000061035156
2016-05-03,206.16000366210938,46.4640007019043
2016-05-04,205.00999450683594,44.512001037597656
2016-05-05,204.97000122070312,42.305999755859375
2016-05-06,205.72000122070312,42.986000061035156
2016-05-09,205.88999938964844,41.784000396728516
2016-05-10,208.4499969482422,41.737998962402344
2016-05-11,206.5,41.79199981689453
2016-05-12,206.55999755859375,41.45600128173828
2016-05-13,204.75999450683594,41.52199935913086
2016-05-16,206.77999877929688,41.65800094604492
2016-05-17,204.85000610351562,40.93199920654297
2016-05-18,204.91000366210938,42.23400115966797
2016-05-19,204.1999969482422,43.04199981689453
2016-05-20,205.49000549316406,44.055999755859375
2016-05-23,205.2100067138672,43.24399948120117
2016-05-24,207.8699951171875,43.582000732421875
2016-05-25,209.27999877929688,43.91600036621094
2016-05-26,209.33999633789062,45.02399826049805
2016-05-27,210.24000549316406,44.608001708984375
2016-05-31,209.83999633789062,44.645999908447266
2016-06-01,210.27000427246094,43.9119987487793
2016-06-02,210.91000366210938,43.79199981689453
2016-06-03,210.27999877929688,43.79800033569336
2016-06-06,211.35000610351562,44.13600158691406
2016-06-07,211.67999267578125,46.46799850463867
2016-06-08,212.3699951171875,47.104000091552734
2016-06-09,212.0800018310547,45.87200164794922
2016-06-10,210.07000732421875,43.757999420166016
2016-06-13,208.4499969482422,43.57400131225586
2016-06-14,208.0399932861328,42.992000579833984
2016-06-15,207.75,43.540000915527344
2016-06-16,208.3699951171875,43.58599853515625
2016-06-17,206.52000427246094,43.09400177001953
2016-06-20,207.85000610351562,43.939998626708984
2016-06-21,208.44000244140625,43.922000885009766
2016-06-22,208.10000610351562,39.332000732421875
2016-06-23,210.80999755859375,39.279998779296875
2016-06-24,203.24000549316406,38.630001068115234
2016-06-27,199.60000610351562,39.709999084472656
2016-06-28,203.1999969482422,40.358001708984375
2016-06-29,206.66000366210938,42.03799819946289
2016-06-30,209.47999572753906,42.45600128173828
2016-07-01,209.9199981689453,43.29999923706055
2016-07-05,208.41000366210938,42.79600143432617
2016-07-06,209.66000366210938,42.88800048828125
2016-07-07,209.52999877929688,43.1879997253418
2016-07-08,212.64999389648438,43.35599899291992
2016-07-11,213.39999389648438,44.95600128173828
2016-07-12,214.9499969482422,44.93000030517578
2016-07-13,214.9199981689453,44.50600051879883
2016-07-14,216.1199951171875,44.305999755859375
2016-07-15,215.8300018310547,44.08000183105469
2016-07-18,216.41000366210938,45.25
2016-07-19,216.19000244140625,45.051998138427734
2016-07-20,217.08999633789062,45.672000885009766
2016-07-21,216.27000427246094,44.099998474121094
2016-07-22,217.24000549316406,44.45399856567383
2016-07-25,216.64999389648438,46.00199890136719
2016-07-26,216.75,45.902000427246094
2016-07-27,216.52000427246094,45.698001861572266
2016-07-28,216.77000427246094,46.12200164794922
2016-07-29,217.1199951171875,46.95800018310547
2016-08-01,216.94000244140625,46.00199890136719
2016-08-02,215.5500030517578,45.439998626708984
2016-08-03,216.17999267578125,45.15800094604492
2016-08-04,216.41000366210938,46.12200164794922
2016-08-05,218.17999267578125,46.00600051879883
2016-08-08,218.0500030517578,45.231998443603516
2016-08-09,218.17999267578125,45.816001892089844
2016-08-10,217.63999938964844,45.130001068115234
2016-08-11,218.64999389648438,44.981998443603516
2016-08-12,218.4600067138672,45.12200164794922
2016-08-15,219.08999633789062,45.11800003051758
2016-08-16,217.9600067138672,44.72200012207031
2016-08-17,218.3699951171875,44.64799880981445
2016-08-18,218.86000061035156,44.70199966430664
2016-08-19,218.5399932861328,45.0
2016-08-22,218.52999877929688,44.58599853515625
2016-08-23,218.97000122070312,44.96799850463867
2016-08-24,217.85000610351562,44.52399826049805
2016-08-25,217.6999969482422,44.19200134277344
2016-08-26,217.2899932861328,43.99800109863281
2016-08-29,218.36000061035156,43.040000915527344
2016-08-30,218.0,42.268001556396484
2016-08-31,217.3800048828125,42.402000427246094
2016-09-01,217.38999938964844,40.15399932861328
2016-09-02,218.3699951171875,39.555999755859375
2016-09-06,219.02999877929688,40.566001892089844
2016-09-07,219.00999450683594,40.34199905395508
2016-09-08,218.50999450683594,39.47200012207031
2016-09-09,213.27999877929688,38.89400100708008
2016-09-12,216.33999633789062,39.65999984741211
2016-09-13,213.22999572753906,39.209999084472656
2016-09-14,213.14999389648438,39.28200149536133
2016-09-15,215.27999877929688,40.08399963378906
2016-09-16,213.3699951171875,41.08000183105469
2016-09-19,213.41000366210938,41.268001556396484
2016-09-20,213.4199981689453,40.928001403808594
2016-09-21,215.82000732421875,41.04399871826172
2016-09-22,217.17999267578125,41.2859992980957
2016-09-23,215.99000549316406,41.4900016784668
2016-09-26,214.24000549316406,41.79800033569336
2016-09-27,215.57000732421875,41.1619987487793
2016-09-28,216.63999938964844,41.25400161743164
2016-09-29,214.67999267578125,40.13999938964844
2016-09-30,216.3000030517578,40.805999755859375
2016-10-03,215.77999877929688,42.7400016784668
2016-10-04,214.67999267578125,42.28200149536133
2016-10-05,215.6300048828125,41.69200134277344
2016-10-06,215.77999877929688,40.20000076293945
2016-10-07,215.0399932861328,39.321998596191406
2016-10-10,216.16000366210938,40.189998626708984
2016-10-11,213.42999267578125,40.02000045776367
2016-10-12,213.7100067138672,40.301998138427734
2016-10-13,213.00999450683594,40.04800033569336
2016-10-14,213.1199951171875,39.301998138427734
2016-10-17,212.3800048828125,38.79199981689453
2016-10-18,213.7100067138672,39.81999969482422
2016-10-19,214.27999877929688,40.71200180053711
2016-10-20,213.8800048828125,39.81999969482422
2016-10-21,213.97999572753906,40.018001556396484
2016-10-24,214.88999938964844,40.551998138427734
2016-10-25,214.1699981689453,40.46799850463867
2016-10-26,213.74000549316406,40.448001861572266
2016-10-27,213.1699981689453,40.801998138427734
2016-10-28,212.5399932861328,39.99399948120117
2016-10-31,212.5500030517578,39.54600143432617
2016-11-01,211.00999450683594,38.15800094604492
2016-11-02,209.74000549316406,37.604000091552734
2016-11-03,208.77999877929688,37.48400115966797
2016-11-04,208.5500030517578,38.11199951171875
2016-11-07,213.14999389648438,38.641998291015625
2016-11-08,214.11000061035156,38.987998962402344
2016-11-09,216.3800048828125,38.012001037597656
2016-11-10,216.9199981689453,37.06999969482422
2016-11-11,216.4199981689453,37.71200180053711
2016-11-14,216.58999633789062,36.290000915527344
2016-11-15,218.27999877929688,36.75400161743164
2016-11-16,217.8699951171875,36.7859992980957
2016-11-17,218.99000549316406,37.731998443603516
2016-11-18,218.5,37.00400161743164
2016-11-21,220.14999389648438,36.90399932861328
2016-11-22,220.5800018310547,38.23400115966797
2016-11-23,220.6999969482422,38.62799835205078
2016-11-25,221.52000427246094,39.33000183105469
2016-11-28,220.47999572753906,39.2239990234375
2016-11-29,220.91000366210938,37.91400146484375
2016-11-30,220.3800048828125,37.880001068115234
2016-12-01,219.57000732421875,36.375999450683594
2016-12-02,219.67999267578125,36.29399871826172
2016-12-05,221.0,37.36000061035156
2016-12-06,221.6999969482422,37.16999816894531
2016-12-07,224.60000610351562,38.630001068115234
2016-12-08,225.14999389648438,38.45800018310547
2016-12-09,226.50999450683594,38.43600082397461
2016-12-12,226.25,38.486000061035156
2016-12-13,227.75999450683594,39.630001068115234
2016-12-14,225.8800048828125,39.737998962402344
2016-12-15,226.80999755859375,39.51599884033203
2016-12-16,225.0399932861328,40.49800109863281
2016-12-19,225.52999877929688,40.54600143432617
2016-12-20,226.39999389648438,41.757999420166016
2016-12-21,225.77000427246094,41.540000915527344
2016-12-22,225.3800048828125,41.689998626708984
2016-12-23,225.7100067138672,42.667999267578125
2016-12-27,226.27000427246094,43.90599822998047
2016-12-28,224.39999389648438,43.948001861572266
2016-12-29,224.35000610351562,42.93600082397461
2016-12-30,223.52999877929688,42.737998962402344
2017-01-03,225.24000549316406,43.39799880981445
2017-01-04,226.5800018310547,45.39799880981445
2017-01-05,226.39999389648438,45.349998474121094
2017-01-06,227.2100067138672,45.801998138427734
2017-01-09,226.4600067138672,46.25600051879883
2017-01-10,226.4600067138672,45.9739990234375
2017-01-11,227.10000610351562,45.94599914550781
2017-01-12,226.52999877929688,45.917999267578125
2017-01-13,227.0500030517578,47.54999923706055
2017-01-17,226.25,47.11600112915039
2017-01-18,226.75,47.672000885009766
2017-01-19,225.91000366210938,48.75199890136719
2017-01-20,226.74000549316406,48.94599914550781
2017-01-23,226.14999389648438,49.784000396728516
2017-01-24,227.60000610351562,50.922000885009766
2017-01-25,229.57000732421875,50.89400100708008
2017-01-26,229.3300018310547,50.50199890136719
2017-01-27,228.97000122070312,50.59000015258789
2017-01-30,227.5500030517578,50.125999450683594
2017-01-31,227.52999877929688,50.38600158691406
2017-02-01,227.6199951171875,49.847999572753906
2017-02-02,227.77000427246094,50.310001373291016
2017-02-03,229.33999633789062,50.26599884033203
2017-02-06,228.92999267578125,51.55400085449219
2017-02-07,228.94000244140625,51.49599838256836
2017-02-08,229.24000549316406,52.41600036621094
2017-02-09,230.60000610351562,53.84000015258789
2017-02-10,231.50999450683594,53.84600067138672
2017-02-13,232.77000427246094,56.119998931884766
2017-02-14,233.6999969482422,56.19599914550781
2017-02-15,234.9199981689453,55.95199966430664
2017-02-16,234.72000122070312,53.790000915527344
2017-02-17,235.08999633789062,54.44599914550781
2017-02-21,236.49000549316406,55.47800064086914
2017-02-22,236.27999877929688,54.70199966430664
2017-02-23,236.44000244140625,51.198001861572266
2017-02-24,236.74000549316406,51.400001525878906
2017-02-27,237.11000061035156,49.24599838256836
2017-02-28,236.47000122070312,49.99800109863281
2017-03-01,239.77999877929688,50.00400161743164
2017-03-02,238.27000427246094,50.09600067138672
2017-03-03,238.4199981689453,50.31399917602539
2017-03-06,237.7100067138672,50.242000579833984
2017-03-07,237.0,49.71799850463867
2017-03-08,236.55999755859375,49.374000549316406
2017-03-09,236.86000061035156,48.97999954223633
2017-03-10,237.69000244140625,48.737998962402344
2017-03-13,237.80999755859375,49.23400115966797
2017-03-14,236.89999389648438,51.599998474121094
2017-03-15,238.9499969482422,51.145999908447266
2017-03-16,238.47999572753906,52.40999984741211
2017-03-17,237.02999877929688,52.29999923706055
2017-03-20,236.77000427246094,52.38399887084961
2017-03-21,233.72999572753906,50.13600158691406
2017-03-22,234.27999877929688,51.00199890136719
2017-03-23,234.02999877929688,50.95600128173828
2017-03-24,233.86000061035156,52.63199996948242
2017-03-27,233.6199951171875,54.04399871826172
2017-03-28,235.32000732421875,55.4900016784668
2017-03-29,235.5399932861328,55.47600173950195
2017-03-30,236.2899932861328,55.58399963378906
2017-03-31,235.74000549316406,55.65999984741211
2017-04-03,235.3300018310547,59.70399856567383
2017-04-04,235.47999572753906,60.7400016784668
2017-04-05,234.77999877929688,59.0
2017-04-06,235.44000244140625,59.7400016784668
2017-04-07,235.1999969482422,60.507999420166016
2017-04-10,235.33999633789062,62.47800064086914
2017-04-11,235.05999755859375,61.742000579833984
2017-04-12,234.02999877929688,59.36800003051758
2017-04-13,232.50999450683594,60.79999923706055
2017-04-17,234.57000732421875,60.28799819946289
2017-04-18,233.8699951171875,60.04999923706055
2017-04-19,233.44000244140625,61.104000091552734
2017-04-20,235.33999633789062,60.50199890136719
2017-04-21,234.58999633789062,61.119998931884766
2017-04-24,237.1699981689453,61.60599899291992
2017-04-25,238.5500030517578,62.757999420166016
2017-04-26,238.39999389648438,62.034000396728516
2017-04-27,238.60000610351562,61.72600173950195
2017-04-28,238.0800018310547,62.81399917602539
2017-05-01,238.67999267578125,64.56600189208984
2017-05-02,238.77000427246094,63.77799987792969
2017-05-03,238.47999572753906,62.20399856567383
2017-05-04,238.75999450683594,59.09199905395508
2017-05-05,239.6999969482422,61.66999816894531
2017-05-08,239.66000366210938,61.4379997253418
2017-05-09,239.44000244140625,64.25199890136719
2017-05-10,239.8699951171875,65.04399871826172
2017-05-11,239.3800048828125,64.62000274658203
2017-05-12,238.97999572753906,64.96199798583984
2017-05-15,240.3000030517578,63.17599868774414
2017-05-16,240.0800018310547,63.402000427246094
2017-05-17,235.82000732421875,61.22200012207031
2017-05-18,236.77000427246094,62.61199951171875
2017-05-19,238.30999755859375,62.16600036621094
2017-05-22,239.52000427246094,62.06999969482422
2017-05-23,240.0500030517578,60.77199935913086
2017-05-24,240.61000061035156,62.04399871826172
2017-05-25,241.75999450683594,63.36600112915039
2017-05-26,241.7100067138672,65.02799987792969
2017-05-30,241.5,67.0199966430664
2017-05-31,241.44000244140625,68.2020034790039
2017-06-01,243.36000061035156,68.0739974975586
2017-06-02,244.1699981689453,67.97000122070312
2017-06-05,243.99000549316406,69.46399688720703
2017-06-06,243.2100067138672,70.56999969482422
2017-06-07,243.66000366210938,71.93000030517578
2017-06-08,243.77999877929688,74.0
2017-06-09,243.41000366210938,71.46399688720703
2017-06-12,243.36000061035156,71.802001953125
2017-06-13,244.5500030517578,75.19000244140625
2017-06-14,244.24000549316406,76.13200378417969
2017-06-15,243.77000427246094,75.06800079345703
2017-06-16,242.63999938964844,74.27999877929688
2017-06-19,244.66000366210938,73.95999908447266
2017-06-20,243.00999450683594,74.447998046875
2017-06-21,242.9499969482422,75.27999877929688
2017-06-22,242.83999633789062,76.52200317382812
2017-06-23,243.1300048828125,76.69000244140625
2017-06-26,243.2899932861328,75.49800109863281
2017-06-27,241.3300018310547,72.4739990234375
2017-06-28,243.49000549316406,74.24800109863281
2017-06-29,241.35000610351562,72.1500015258789
2017-06-30,241.8000030517578,72.3219985961914
2017-07-03,242.2100067138672,70.52400207519531
2017-07-05,242.77000427246094,65.41799926757812
2017-07-06,240.5500030517578,61.76599884033203
2017-07-07,242.11000061035156,62.64400100708008
2017-07-10,242.3699951171875,63.209999084472656
2017-07-11,242.19000244140625,65.44400024414062
2017-07-12,244.00999450683594,65.90399932861328
2017-07-13,244.4199981689453,64.68199920654297
2017-07-14,245.55999755859375,65.55599975585938
2017-07-17,245.52999877929688,63.91400146484375
2017-07-18,245.66000366210938,65.64800262451172
2017-07-19,246.99000549316406,65.052001953125
2017-07-20,247.10000610351562,65.98400115966797
2017-07-21,246.8800048828125,65.68000030517578
2017-07-24,246.82000732421875,68.50399780273438
2017-07-25,247.4199981689453,67.91999816894531
2017-07-26,247.42999267578125,68.7699966430664
2017-07-27,247.1999969482422,66.89199829101562
2017-07-28,246.91000366210938,67.01399993896484
2017-07-31,246.77000427246094,64.69400024414062
2017-08-01,247.32000732421875,63.91400146484375
2017-08-02,247.44000244140625,65.1780014038086
2017-08-03,246.9600067138672,69.41799926757812
2017-08-04,247.41000366210938,71.38200378417969
2017-08-07,247.8699951171875,71.03399658203125
2017-08-08,247.25999450683594,73.04399871826172
2017-08-09,247.25,72.70600128173828
2017-08-10,243.75999450683594,71.08000183105469
2017-08-11,244.1199951171875,71.5739974975586
2017-08-14,246.5399932861328,72.76000213623047
2017-08-15,246.50999450683594,72.46600341796875
2017-08-16,246.94000244140625,72.58200073242188
2017-08-17,243.08999633789062,70.38400268554688
2017-08-18,242.7100067138672,69.49199676513672
2017-08-21,242.89999389648438,67.5719985961914
2017-08-22,245.44000244140625,68.2699966430664
2017-08-23,244.55999755859375,70.55400085449219
2017-08-24,243.99000549316406,70.58599853515625
2017-08-25,244.55999755859375,69.61000061035156
2017-08-28,244.57000732421875,69.13200378417969
2017-08-29,244.85000610351562,69.47200012207031
2017-08-30,246.00999450683594,70.63600158691406
2017-08-31,247.49000549316406,71.18000030517578
2017-09-01,247.83999633789062,71.08000183105469
2017-09-05,246.05999755859375,69.91799926757812
2017-09-06,246.89999389648438,68.90599822998047
2017-09-07,246.8699951171875,70.12200164794922
2017-09-08,246.5800018310547,68.68000030517578
2017-09-11,249.2100067138672,72.73799896240234
2017-09-12,250.0500030517578,72.55000305175781
2017-09-13,250.1699981689453,73.24600219726562
2017-09-14,250.08999633789062,75.52799987792969
2017-09-15,249.19000244140625,75.96199798583984
2017-09-18,249.72000122070312,77.0
2017-09-19,249.97000122070312,75.0199966430664
2017-09-20,250.05999755859375,74.78199768066406
2017-09-21,249.38999938964844,73.2959976196289
2017-09-22,249.44000244140625,70.21800231933594
2017-09-25,248.92999267578125,68.99800109863281
2017-09-26,249.0800018310547,69.05000305175781
2017-09-27,250.0500030517578,68.19400024414062
2017-09-28,250.35000610351562,67.91999816894531
2017-09-29,251.22999572753906,68.22000122070312
2017-10-02,252.32000732421875,68.30599975585938
2017-10-03,252.86000061035156,69.62799835205078
2017-10-04,253.16000366210938,71.00199890136719
2017-10-05,254.66000366210938,71.06600189208984
2017-10-06,254.3699951171875,71.3759994506836
2017-10-09,253.9499969482422,68.58799743652344
2017-10-10,254.6199951171875,71.11799621582031
2017-10-11,255.02000427246094,70.91999816894531
2017-10-12,254.63999938964844,71.13600158691406
2017-10-13,254.9499969482422,71.11399841308594
2017-10-16,255.2899932861328,70.12000274658203
2017-10-17,255.47000122070312,71.1500015258789
2017-10-18,255.72000122070312,71.93000030517578
2017-10-19,255.7899932861328,70.36199951171875
2017-10-20,257.1099853515625,69.0199966430664
2017-10-23,256.1099853515625,67.40399932861328
2017-10-24,256.55999755859375,67.46800231933594
2017-10-25,255.2899932861328,65.16799926757812
2017-10-26,255.6199951171875,65.23400115966797
2017-10-27,257.7099914550781,64.17400360107422
2017-10-30,256.75,64.01599884033203
2017-10-31,257.1499938964844,66.30599975585938
2017-11-01,257.489990234375,64.21600341796875
2017-11-02,257.5899963378906,59.85200119018555
2017-11-03,258.45001220703125,61.21799850463867
2017-11-06,258.8500061035156,60.555999755859375
2017-11-07,258.6700134277344,61.209999084472656
2017-11-08,259.1099853515625,60.87799835205078
2017-11-09,258.1700134277344,60.597999572753906
2017-11-10,258.0899963378906,60.597999572753906
2017-11-13,258.3299865722656,63.08000183105469
2017-11-14,257.7300109863281,61.7400016784668
2017-11-15,256.44000244140625,62.2599983215332
2017-11-16,258.6199951171875,62.5
2017-11-17,257.8599853515625,63.0099983215332
2017-11-20,258.29998779296875,61.74800109863281
2017-11-21,259.989990234375,63.5620002746582
2017-11-22,259.760009765625,62.52000045776367
2017-11-24,260.3599853515625,63.11000061035156
2017-11-27,260.2300109863281,63.36199951171875
2017-11-28,262.8699951171875,63.5099983215332
2017-11-29,262.7099914550781,61.507999420166016
2017-11-30,265.010009765625,61.77000045776367
2017-12-01,264.4599914550781,61.305999755859375
2017-12-04,264.1400146484375,61.040000915527344
2017-12-05,263.19000244140625,60.7400016784668
2017-12-06,263.239990234375,62.652000427246094
2017-12-07,264.07000732421875,62.24800109863281
2017-12-08,265.510009765625,63.0260009765625
2017-12-11,266.30999755859375,65.78199768066406
2017-12-12,266.7799987792969,68.20600128173828
2017-12-13,266.75,67.80599975585938
2017-12-14,265.6600036621094,67.5780029296875
2017-12-15,266.510009765625,68.69000244140625
2017-12-18,268.20001220703125,67.77400207519531
2017-12-19,267.1700134277344,66.22000122070312
2017-12-20,267.0299987792969,65.7959976196289
2017-12-21,267.5799865722656,66.33200073242188
2017-12-22,267.510009765625,65.04000091552734
2017-12-26,267.19000244140625,63.45800018310547
2017-12-27,267.32000732421875,62.327999114990234
2017-12-28,267.8699951171875,63.071998596191406
2017-12-29,266.8599853515625,62.27000045776367
2018-01-02,268.7699890136719,64.10600280761719
2018-01-03,270.4700012207031,63.45000076293945
2018-01-04,271.6099853515625,62.92399978637695
2018-01-05,273.4200134277344,63.316001892089844
2018-01-08,273.9200134277344,67.28199768066406
2018-01-09,274.5400085449219,66.73799896240234
2018-01-10,274.1199951171875,66.95999908447266
2018-01-11,276.1199951171875,67.58999633789062
2018-01-12,277.9200134277344,67.24400329589844
2018-01-16,276.9700012207031,68.01200103759766
2018-01-17,279.6099853515625,69.43199920654297
2018-01-18,279.1400146484375,68.91400146484375
2018-01-19,280.4100036621094,70.00399780273438
2018-01-22,282.69000244140625,70.31199645996094
2018-01-23,283.2900085449219,70.55799865722656
2018-01-24,283.17999267578125,69.1780014038086
2018-01-25,283.29998779296875,67.52799987792969
2018-01-26,286.5799865722656,68.56999969482422
2018-01-29,284.67999267578125,69.90599822998047
2018-01-30,281.760009765625,69.16400146484375
2018-01-31,281.8999938964844,70.86199951171875
2018-02-01,281.5799865722656,69.8499984741211
2018-02-02,275.45001220703125,68.75
2018-02-05,263.92999267578125,66.6259994506836
2018-02-06,269.1300048828125,66.79399871826172
2018-02-07,267.6700134277344,69.0
2018-02-08,257.6300048828125,63.04600143432617
2018-02-09,261.5,62.08399963378906
2018-02-12,265.3399963378906,63.145999908447266
2018-02-13,266.0,64.73200225830078
2018-02-14,269.5899963378906,64.46199798583984
2018-02-15,273.0299987792969,66.81400299072266
2018-02-16,273.1099853515625,67.0979995727539
2018-02-20,271.3999938964844,66.9540023803711
2018-02-21,270.04998779296875,66.66000366210938
2018-02-22,270.3999938964844,69.23400115966797
2018-02-23,274.7099914550781,70.41000366210938
2018-02-26,277.8999938964844,71.48400115966797
2018-02-27,274.42999267578125,70.197998046875
2018-02-28,271.6499938964844,68.61199951171875
2018-03-01,267.70001220703125,66.18599700927734
2018-03-02,269.0799865722656,67.02400207519531
2018-03-05,272.19000244140625,66.66999816894531
2018-03-06,272.8800048828125,65.63999938964844
2018-03-07,272.7799987792969,66.45999908447266
2018-03-08,274.1000061035156,65.81999969482422
2018-03-09,278.8699951171875,65.43399810791016
2018-03-12,278.5199890136719,69.10199737548828
2018-03-13,276.7200012207031,68.36799621582031
2018-03-14,275.29998779296875,65.32599639892578
2018-03-15,275.0,65.12000274658203
2018-03-16,274.20001220703125,64.2699966430664
2018-03-19,270.489990234375,62.71200180053711
2018-03-20,270.95001220703125,62.11000061035156
2018-03-21,270.42999267578125,63.305999755859375
2018-03-22,263.6700134277344,61.81999969482422
2018-03-23,258.04998779296875,60.30799865722656
2018-03-26,265.1099853515625,60.83599853515625
2018-03-27,260.6000061035156,55.83599853515625
2018-03-28,259.8299865722656,51.555999755859375
2018-03-29,263.1499938964844,53.22600173950195
2018-04-02,257.4700012207031,50.49599838256836
2018-04-03,260.7699890136719,53.50600051879883
2018-04-04,263.55999755859375,57.38800048828125
2018-04-05,265.6400146484375,61.14400100708008
2018-04-06,259.7200012207031,59.86000061035156
2018-04-09,261.0,57.93199920654297
2018-04-10,265.1499938964844,60.939998626708984
2018-04-11,263.760009765625,60.18600082397461
2018-04-12,265.92999267578125,58.816001892089844
2018-04-13,265.1499938964844,60.06800079345703
2018-04-16,267.3299865722656,58.242000579833984
2018-04-17,270.19000244140625,57.53799819946289
2018-04-18,270.3900146484375,58.66999816894531
2018-04-19,268.8900146484375,60.01599884033203
2018-04-20,266.6099853515625,58.04800033569336
2018-04-23,266.57000732421875,56.67399978637695
2018-04-24,262.9800109863281,56.69200134277344
2018-04-25,263.6300048828125,56.13800048828125
2018-04-26,266.30999755859375,57.09600067138672
2018-04-27,266.55999755859375,58.816001892089844
2018-04-30,264.510009765625,58.779998779296875
2018-05-01,264.9800109863281,59.98400115966797
2018-05-02,263.20001220703125,60.22999954223633
2018-05-03,262.6199951171875,56.88999938964844
2018-05-04,266.0199890136719,58.81800079345703
2018-05-07,266.9200134277344,60.55400085449219
2018-05-08,266.9200134277344,60.39400100708008
2018-05-09,269.5,61.369998931884766
2018-05-10,272.0199890136719,61.00400161743164
2018-05-11,272.8500061035156,60.21200180053711
2018-05-14,272.9800109863281,58.39400100708008
2018-05-15,271.1000061035156,56.83599853515625
2018-05-16,272.239990234375,57.29600143432617
2018-05-17,272.010009765625,56.90800094604492
2018-05-18,271.3299865722656,55.36399841308594
2018-05-21,273.3699951171875,56.89799880981445
2018-05-22,272.6099853515625,55.00199890136719
2018-05-23,273.3599853515625,55.81399917602539
2018-05-24,272.79998779296875,55.56999969482422
2018-05-25,272.1499938964844,55.77000045776367
2018-05-29,269.0199890136719,56.75199890136719
2018-05-30,272.6099853515625,58.34400177001953
2018-05-31,270.94000244140625,56.94599914550781
2018-06-01,273.6000061035156,58.36399841308594
2018-06-04,274.8999938964844,59.347999572753906
2018-06-05,275.1000061035156,58.22600173950195
2018-06-06,277.3999938964844,63.900001525878906
2018-06-07,277.3699951171875,63.21799850463867
2018-06-08,278.19000244140625,63.53200149536133
2018-06-11,278.55999755859375,66.41999816894531
2018-06-12,278.9200134277344,68.55400085449219
2018-06-13,278.0299987792969,68.95600128173828
2018-06-14,278.7300109863281,71.54399871826172
2018-06-15,277.1300048828125,71.63400268554688
2018-06-18,276.55999755859375,74.16600036621094
2018-06-19,275.5,70.51000213623047
2018-06-20,275.9700012207031,72.44400024414062
2018-06-21,274.239990234375,69.50199890136719
2018-06-22,274.739990234375,66.72599792480469
2018-06-25,271.0,66.60199737548828
2018-06-26,271.6000061035156,68.4000015258789
2018-06-27,269.3500061035156,68.9000015258789
2018-06-28,270.8900146484375,69.98600006103516
2018-06-29,271.2799987792969,68.58999633789062
2018-07-02,271.8599853515625,67.01399993896484
2018-07-03,270.8999938964844,62.172000885009766
2018-07-05,273.1099853515625,61.832000732421875
2018-07-06,275.4200134277344,61.779998779296875
2018-07-09,277.8999938964844,63.70199966430664
2018-07-10,278.8999938964844,64.49400329589844
2018-07-11,276.8599853515625,63.79199981689453
2018-07-12,279.3699951171875,63.34199905395508
2018-07-13,279.5899963378906,63.77399826049805
2018-07-16,279.3399963378906,62.02000045776367
2018-07-17,280.4700012207031,64.53800201416016
2018-07-18,281.05999755859375,64.7699966430664
2018-07-19,280.0,64.0459976196289
2018-07-20,279.67999267578125,62.715999603271484
2018-07-23,280.20001220703125,60.63999938964844
2018-07-24,281.6099853515625,59.486000061035156
2018-07-25,284.010009765625,61.74800109863281
2018-07-26,283.3399963378906,61.33000183105469
2018-07-27,281.4200134277344,59.43600082397461
2018-07-30,279.95001220703125,58.034000396728516
2018-07-31,281.3299865722656,59.62799835205078
2018-08-01,280.8599853515625,60.167999267578125
2018-08-02,282.3900146484375,69.90799713134766
2018-08-03,283.6000061035156,69.63400268554688
2018-08-06,284.6400146484375,68.39800262451172
2018-08-07,285.5799865722656,75.91400146484375
2018-08-08,285.4599914550781,74.06800079345703
2018-08-09,285.07000732421875,70.48999786376953
2018-08-10,283.1600036621094,71.0979995727539
2018-08-13,282.1000061035156,71.28199768066406
2018-08-14,283.8999938964844,69.52799987792969
2018-08-15,281.7799987792969,67.73799896240234
2018-08-16,284.05999755859375,67.08999633789062
2018-08-17,285.05999755859375,61.099998474121094
2018-08-20,285.6700134277344,61.6879997253418
2018-08-21,286.3399963378906,64.37999725341797
2018-08-22,286.1700134277344,64.3280029296875
2018-08-23,285.7900085449219,64.0199966430664
2018-08-24,287.510009765625,64.56400299072266
2018-08-27,289.7799987792969,63.854000091552734
2018-08-28,289.9200134277344,62.37200164794922
2018-08-29,291.4800109863281,61.00199890136719
2018-08-30,290.29998779296875,60.630001068115234
2018-08-31,290.30999755859375,60.332000732421875
2018-09-04,289.80999755859375,57.790000915527344
2018-09-05,289.0299987792969,56.14799880981445
2018-09-06,288.1600036621094,56.189998626708984
2018-09-07,287.6000061035156,52.64799880981445
2018-09-10,288.1000061035156,57.099998474121094
2018-09-11,289.04998779296875,55.88800048828125
2018-09-12,289.1199951171875,58.108001708984375
2018-09-13,290.8299865722656,57.891998291015625
2018-09-14,290.8800048828125,59.040000915527344
2018-09-17,289.3399963378906,58.96799850463867
2018-09-18,290.9100036621094,56.992000579833984
2018-09-19,291.2200012207031,59.80400085449219
2018-09-20,293.5799865722656,59.66600036621094
2018-09-21,291.989990234375,59.81999969482422
2018-09-24,291.0199890136719,59.93600082397461
2018-09-25,290.75,60.198001861572266
2018-09-26,289.8800048828125,61.91600036621094
2018-09-27,290.69000244140625,61.50400161743164
2018-09-28,290.7200012207031,52.95399856567383
2018-10-01,291.7300109863281,62.13999938964844
2018-10-02,291.55999755859375,60.20399856567383
2018-10-03,291.7200012207031,58.959999084472656
2018-10-04,289.44000244140625,56.36600112915039
2018-10-05,287.82000732421875,52.38999938964844
2018-10-08,287.82000732421875,50.11199951171875
2018-10-09,287.3999938964844,52.560001373291016
2018-10-10,278.29998779296875,51.375999450683594
2018-10-11,272.1700134277344,50.44599914550781
2018-10-12,275.95001220703125,51.75600051879883
2018-10-15,274.3999938964844,51.917999267578125
2018-10-16,280.3999938964844,55.31800079345703
2018-10-17,280.45001220703125,54.35599899291992
2018-10-18,276.3999938964844,52.78200149536133
2018-10-19,276.25,52.0
2018-10-22,275.010009765625,52.189998626708984
2018-10-23,273.6099853515625,58.827999114990234
2018-10-24,265.32000732421875,57.70000076293945
2018-10-25,270.0799865722656,62.97200012207031
2018-10-26,265.3299865722656,66.18000030517578
2018-10-29,263.8599853515625,66.97000122070312
2018-10-30,267.7699890136719,65.9800033569336
2018-10-31,270.6300048828125,67.46399688720703
2018-11-01,273.510009765625,68.85600280761719
2018-11-02,271.8900146484375,69.28199768066406
2018-11-05,273.3900146484375,68.27999877929688
2018-11-06,275.1199951171875,68.21199798583984
2018-11-07,281.010009765625,69.63200378417969
2018-11-08,280.5,70.27999877929688
2018-11-09,277.760009765625,70.10199737548828
2018-11-12,272.57000732421875,66.25599670410156
2018-11-13,272.05999755859375,67.74600219726562
2018-11-14,270.20001220703125,68.80000305175781
2018-11-15,273.0199890136719,69.68800354003906
2018-11-16,273.7300109863281,70.86199951171875
2018-11-19,269.1000061035156,70.69400024414062
2018-11-20,264.1199951171875,69.49800109863281
2018-11-21,265.0199890136719,67.63800048828125
2018-11-23,263.25,65.16600036621094
2018-11-26,267.5,69.19999694824219
2018-11-27,268.3999938964844,68.78399658203125
2018-11-28,274.5799865722656,69.5739974975586
2018-11-29,273.9800109863281,68.23400115966797
2018-11-30,275.6499938964844,70.09600067138672
2018-12-03,279.29998779296875,71.697998046875
2018-12-04,270.25,71.94000244140625
2018-12-06,269.8399963378906,72.61199951171875
2018-12-07,263.57000732421875,71.59400177001953
2018-12-10,264.07000732421875,73.02999877929688
2018-12-11,264.1300048828125,73.35199737548828
2018-12-12,265.4599914550781,73.31999969482422
2018-12-13,265.3699951171875,75.35800170898438
2018-12-14,260.4700012207031,73.14199829101562
2018-12-17,255.36000061035156,69.68399810791016
2018-12-18,255.0800018310547,67.40599822998047
2018-12-19,251.25999450683594,66.59400177001953
2018-12-20,247.1699981689453,63.07600021362305
2018-12-21,240.6999969482422,63.95399856567383
2018-12-24,234.33999633789062,59.077999114990234
2018-12-26,246.17999267578125,65.21800231933594
2018-12-27,248.07000732421875,63.22600173950195
2018-12-28,247.75,66.77400207519531
2018-12-31,249.9199981689453,66.55999755859375
2019-01-02,250.17999267578125,62.02399826049805
2019-01-03,244.2100067138672,60.071998596191406
2019-01-04,252.38999938964844,63.53799819946289
2019-01-07,254.3800048828125,66.99199676513672
2019-01-08,256.7699890136719,67.06999969482422
2019-01-09,257.9700012207031,67.70600128173828
2019-01-10,258.8800048828125,68.99400329589844
2019-01-11,258.9800109863281,69.4520034790039
2019-01-14,257.3999938964844,66.87999725341797
2019-01-15,260.3500061035156,68.88600158691406
2019-01-16,260.9800109863281,69.20999908447266
2019-01-17,262.9599914550781,69.46199798583984
2019-01-18,266.4599914550781,60.45199966430664
2019-01-22,262.8599853515625,59.784000396728516
2019-01-23,263.4100036621094,57.518001556396484
2019-01-24,263.54998779296875,58.301998138427734
2019-01-25,265.7799987792969,59.40800094604492
2019-01-28,263.760009765625,59.2760009765625
2019-01-29,263.4100036621094,59.492000579833984
2019-01-30,267.5799865722656,61.75400161743164
2019-01-31,269.92999267578125,61.40399932861328
2019-02-01,270.05999755859375,62.44200134277344
2019-02-04,271.9599914550781,62.577999114990234
2019-02-05,273.1000061035156,64.2699966430664
2019-02-06,272.739990234375,63.444000244140625
2019-02-07,270.1400146484375,61.50199890136719
2019-02-08,270.4700012207031,61.15999984741211
2019-02-11,270.6199951171875,62.56800079345703
2019-02-12,274.1000061035156,62.36199951171875
2019-02-13,274.989990234375,61.63399887084961
2019-02-14,274.3800048828125,60.75400161743164
2019-02-15,277.3699951171875,61.57600021362305
2019-02-19,277.8500061035156,61.12799835205078
2019-02-20,278.4100036621094,60.512001037597656
2019-02-21,277.4200134277344,58.24599838256836
2019-02-22,279.1400146484375,58.94200134277344
2019-02-25,279.5199890136719,59.75400161743164
2019-02-26,279.32000732421875,59.571998596191406
2019-02-27,279.20001220703125,62.948001861572266
2019-02-28,278.67999267578125,63.97600173950195
2019-03-01,280.4200134277344,58.95800018310547
2019-03-04,279.3999938964844,57.071998596191406
2019-03-05,279.0199890136719,55.30799865722656
2019-03-06,277.3299865722656,55.24800109863281
2019-03-07,275.010009765625,55.31800079345703
2019-03-08,274.4599914550781,56.827999114990234
2019-03-11,278.44000244140625,58.183998107910156
2019-03-12,279.489990234375,56.672000885009766
2019-03-13,281.3399963378906,57.79199981689453
2019-03-14,281.1600036621094,57.992000579833984
2019-03-15,281.30999755859375,55.08599853515625
2019-03-18,282.3299865722656,53.89799880981445
2019-03-19,282.3999938964844,53.49399948120117
2019-03-20,281.54998779296875,54.720001220703125
2019-03-21,284.7300109863281,54.80400085449219
2019-03-22,279.25,52.90599822998047
2019-03-25,279.0400085449219,52.08399963378906
2019-03-26,281.1199951171875,53.55400085449219
2019-03-27,279.6499938964844,54.965999603271484
2019-03-28,280.7099914550781,55.7239990234375
2019-03-29,282.4800109863281,55.97200012207031
2019-04-01,285.8299865722656,57.83599853515625
2019-04-02,285.9700012207031,57.17599868774414
2019-04-03,286.4200134277344,58.36199951171875
2019-04-04,287.17999267578125,53.555999755859375
2019-04-05,288.57000732421875,54.992000579833984
2019-04-08,288.7900085449219,54.63999938964844
2019-04-09,287.30999755859375,54.46200180053711
2019-04-10,288.2900085449219,55.21200180053711
2019-04-11,288.2099914550781,53.683998107910156
2019-04-12,290.1600036621094,53.540000915527344
2019-04-15,289.9700012207031,53.2760009765625
2019-04-16,290.1600036621094,54.672000885009766
2019-04-17,289.45001220703125,54.24599838256836
2019-04-18,290.0199890136719,54.652000427246094
2019-04-22,290.2699890136719,52.54999923706055
2019-04-23,292.8800048828125,52.779998779296875
2019-04-24,292.2300109863281,51.731998443603516
2019-04-25,292.04998779296875,49.5260009765625
2019-04-26,293.4100036621094,47.02799987792969
2019-04-29,293.8699951171875,48.29399871826172
2019-04-30,294.0199890136719,47.737998962402344
2019-05-01,291.80999755859375,46.801998138427734
2019-05-02,291.17999267578125,48.81999969482422
2019-05-03,294.0299987792969,51.00600051879883
2019-05-06,292.82000732421875,51.06800079345703
2019-05-07,287.92999267578125,49.4119987487793
2019-05-08,287.5299987792969,48.96799850463867
2019-05-09,286.6600036621094,48.395999908447266
2019-05-10,288.1000061035156,47.90399932861328
2019-05-13,280.8599853515625,45.402000427246094
2019-05-14,283.3999938964844,46.46200180053711
2019-05-15,285.05999755859375,46.38999938964844
2019-05-16,287.70001220703125,45.66600036621094
2019-05-17,285.8399963378906,42.20600128173828
2019-05-20,283.95001220703125,41.071998596191406
2019-05-21,286.510009765625,41.01599884033203
2019-05-22,285.6300048828125,38.54600143432617
2019-05-23,282.1400146484375,39.097999572753906
2019-05-24,282.7799987792969,38.125999450683594
2019-05-28,280.1499938964844,37.7400016784668
2019-05-29,278.2699890136719,37.97200012207031
2019-05-30,279.0299987792969,37.64400100708008
2019-05-31,275.2699890136719,37.03200149536133
2019-06-03,274.57000732421875,35.79399871826172
2019-06-04,280.5299987792969,38.720001220703125
2019-06-05,282.9599914550781,39.31800079345703
2019-06-06,284.79998779296875,41.189998626708984
2019-06-07,287.6499938964844,40.900001525878906
2019-06-10,288.9700012207031,42.57600021362305
2019-06-11,288.8999938964844,43.41999816894531
2019-06-12,288.3900146484375,41.85200119018555
2019-06-13,289.5799865722656,42.78200149536133
2019-06-14,289.260009765625,42.98400115966797
2019-06-17,289.3699951171875,45.00600051879883
2019-06-18,292.3999938964844,44.948001861572266
2019-06-19,293.05999755859375,45.2859992980957
2019-06-20,295.8599853515625,43.92399978637695
2019-06-21,294.0,44.37200164794922
2019-06-24,293.6400146484375,44.72800064086914
2019-06-25,290.760009765625,43.95199966430664
2019-06-26,290.4700012207031,43.854000091552734
2019-06-27,291.5,44.56800079345703
2019-06-28,293.0,44.69200134277344
2019-07-01,295.6600036621094,45.433998107910156
2019-07-02,296.42999267578125,44.90999984741211
2019-07-03,298.79998779296875,46.97999954223633
2019-07-05,298.4599914550781,46.619998931884766
2019-07-08,296.82000732421875,46.06800079345703
2019-07-09,297.19000244140625,46.012001037597656
2019-07-10,298.6099853515625,47.784000396728516
2019-07-11,299.30999755859375,47.720001220703125
2019-07-12,300.6499938964844,49.01599884033203
2019-07-15,300.75,50.70000076293945
2019-07-16,299.7799987792969,50.47600173950195
2019-07-17,297.739990234375,50.97200012207031
2019-07-18,298.8299865722656,50.70800018310547
2019-07-19,297.1700134277344,51.63600158691406
2019-07-22,297.8999938964844,51.13600158691406
2019-07-23,300.0299987792969,52.034000396728516
2019-07-24,301.44000244140625,52.97600173950195
2019-07-25,300.0,45.763999938964844
2019-07-26,302.010009765625,45.608001708984375
2019-07-29,301.4599914550781,47.15399932861328
2019-07-30,300.7200012207031,48.45199966430664
2019-07-31,297.42999267578125,48.321998596191406
2019-08-01,294.8399963378906,46.77000045776367
2019-08-02,292.6199951171875,46.86800003051758
2019-08-05,283.82000732421875,45.66400146484375
2019-08-06,287.79998779296875,46.150001525878906
2019-08-07,287.9700012207031,46.683998107910156
2019-08-08,293.6199951171875,47.65999984741211
2019-08-09,291.6199951171875,47.00199890136719
2019-08-12,288.07000732421875,45.801998138427734
2019-08-13,292.54998779296875,47.0
2019-08-14,283.8999938964844,43.92399978637695
2019-08-15,284.6499938964844,43.12799835205078
2019-08-16,288.8500061035156,43.987998962402344
2019-08-19,292.3299865722656,45.36600112915039
2019-08-20,290.0899963378906,45.172000885009766
2019-08-21,292.45001220703125,44.16600036621094
2019-08-22,292.3599853515625,44.43000030517578
2019-08-23,284.8500061035156,42.279998779296875
2019-08-26,288.0,43.0
2019-08-27,286.8699951171875,42.816001892089844
2019-08-28,288.8900146484375,43.11800003051758
2019-08-29,292.5799865722656,44.34199905395508
2019-08-30,292.45001220703125,45.12200164794922
2019-09-03,290.739990234375,45.00199890136719
2019-09-04,294.0400085449219,44.13600158691406
2019-09-05,297.82000732421875,45.91600036621094
2019-09-06,298.04998779296875,45.4900016784668
2019-09-09,298.20001220703125,46.358001708984375
2019-09-10,298.1300048828125,47.108001708984375
2019-09-11,300.25,49.41999816894531
2019-09-12,301.2900085449219,49.17399978637695
2019-09-13,301.0899963378906,49.040000915527344
2019-09-16,300.1600036621094,48.5620002746582
2019-09-17,300.9200134277344,48.95800018310547
2019-09-18,301.1000061035156,48.698001861572266
2019-09-19,301.0799865722656,49.31999969482422
2019-09-20,298.2799987792969,48.124000549316406
2019-09-23,298.2099914550781,48.24599838256836
2019-09-24,295.8699951171875,44.641998291015625
2019-09-25,297.6199951171875,45.7400016784668
2019-09-26,297.0,48.512001037597656
2019-09-27,295.3999938964844,48.42599868774414
2019-09-30,296.7699890136719,48.17399978637695
2019-10-01,293.239990234375,48.9379997253418
2019-10-02,288.05999755859375,48.625999450683594
2019-10-03,290.4200134277344,46.60599899291992
2019-10-04,294.3500061035156,46.2859992980957
2019-10-07,293.0799865722656,47.54399871826172
2019-10-08,288.5299987792969,48.0099983215332
2019-10-09,291.2699890136719,48.90599822998047
2019-10-10,293.239990234375,48.948001861572266
2019-10-11,296.2799987792969,49.577999114990234
2019-10-14,295.95001220703125,51.391998291015625
2019-10-15,298.8800048828125,51.577999114990234
2019-10-16,298.3999938964844,51.95000076293945
2019-10-17,299.2799987792969,52.39400100708008
2019-10-18,297.9700012207031,51.38999938964844
2019-10-21,299.989990234375,50.70000076293945
2019-10-22,299.010009765625,51.11600112915039
2019-10-23,299.8800048828125,50.93600082397461
2019-10-24,300.3699951171875,59.93600082397461
2019-10-25,301.6000061035156,65.6259994506836
2019-10-28,303.29998779296875,65.54199981689453
2019-10-29,303.2099914550781,63.24399948120117
2019-10-30,304.1400146484375,63.00199890136719
2019-10-31,303.3299865722656,62.98400115966797
2019-11-01,306.1400146484375,62.6619987487793
2019-11-04,307.3699951171875,63.49399948120117
2019-11-05,307.0299987792969,63.444000244140625
2019-11-06,307.1000061035156,65.31600189208984
2019-11-07,308.17999267578125,67.10800170898438
2019-11-08,308.94000244140625,67.4280014038086
2019-11-11,308.3500061035156,69.01799774169922
2019-11-12,309.0,69.98600006103516
2019-11-13,309.1000061035156,69.22200012207031
2019-11-14,309.54998779296875,69.87000274658203
2019-11-15,311.7900085449219,70.43399810791016
2019-11-18,312.0199890136719,69.99800109863281
2019-11-19,311.92999267578125,71.90399932861328
2019-11-20,310.7699890136719,70.44400024414062
2019-11-21,310.2699890136719,70.96600341796875
2019-11-22,310.9599914550781,66.60800170898438
2019-11-25,313.3699951171875,67.26799774169922
2019-11-26,314.0799865722656,65.78399658203125
2019-11-27,315.4800109863281,66.25800323486328
2019-11-29,314.30999755859375,65.98799896240234
2019-12-02,311.6400146484375,66.9739990234375
2019-12-03,309.54998779296875,67.23999786376953
2019-12-04,311.4599914550781,66.60600280761719
2019-12-05,312.0199890136719,66.0739974975586
2019-12-06,314.8699951171875,67.1780014038086
2019-12-09,313.8800048828125,67.90599822998047
2019-12-10,313.5299987792969,69.76799774169922
2019-12-11,314.4200134277344,70.54000091552734
2019-12-12,317.1300048828125,71.93599700927734
2019-12-13,317.32000732421875,71.6780014038086
2019-12-16,319.5,76.30000305175781
2019-12-17,319.57000732421875,75.7979965209961
2019-12-18,319.5899963378906,78.62999725341797
2019-12-19,320.8999938964844,80.80799865722656
2019-12-20,320.7300109863281,81.11799621582031
2019-12-23,321.2200012207031,83.84400177001953
2019-12-24,321.2300109863281,85.05000305175781
2019-12-26,322.94000244140625,86.18800354003906
2019-12-27,322.8599853515625,86.07599639892578
2019-12-30,321.0799865722656,82.94000244140625
2019-12-31,321.8599853515625,83.66600036621094
2020-01-02,324.8699951171875,86.052001953125
2020-01-03,322.4100036621094,88.60199737548828
2020-01-06,323.6400146484375,90.30799865722656
2020-01-07,322.7300109863281,93.81199645996094
2020-01-08,324.45001220703125,98.4280014038086
2020-01-09,326.6499938964844,96.26799774169922
2020-01-10,325.7099914550781,95.62999725341797
2020-01-13,327.95001220703125,104.97200012207031
2020-01-14,327.45001220703125,107.58399963378906
2020-01-15,328.19000244140625,103.69999694824219
2020-01-16,330.9200134277344,102.697998046875
2020-01-17,331.95001220703125,102.0999984741211
2020-01-21,331.29998779296875,109.44000244140625
2020-01-22,331.3399963378906,113.91200256347656
2020-01-23,331.7200012207031,114.44000244140625
2020-01-24,328.7699890136719,112.96399688720703
2020-01-27,323.5,111.60399627685547
2020-01-28,326.8900146484375,113.37999725341797
2020-01-29,326.6199951171875,116.197998046875
2020-01-30,327.67999267578125,128.16200256347656
2020-01-31,321.7300109863281,130.11399841308594
2020-02-03,324.1199951171875,156.0
2020-02-04,329.05999755859375,177.41200256347656
2020-02-05,332.8599853515625,146.94000244140625
2020-02-06,333.9800109863281,149.79200744628906
2020-02-07,332.20001220703125,149.61399841308594
2020-02-10,334.67999267578125,154.25599670410156
2020-02-11,335.260009765625,154.87600708007812
2020-02-12,337.4200134277344,153.45799255371094
2020-02-13,337.05999755859375,160.8000030517578
2020-02-14,337.6000061035156,160.00599670410156
2020-02-18,336.7300109863281,171.67999267578125
2020-02-19,338.3399963378906,183.48399353027344
2020-02-20,336.95001220703125,179.8820037841797
2020-02-21,333.4800109863281,180.1999969482422
2020-02-24,322.4200134277344,166.75799560546875
2020-02-25,312.6499938964844,159.98199462890625
2020-02-26,311.5,155.75999450683594
2020-02-27,297.510009765625,135.8000030517578
2020-02-28,296.260009765625,133.59800720214844
2020-03-02,309.0899963378906,148.7239990234375
2020-03-03,300.239990234375,149.1020050048828
2020-03-04,312.8599853515625,149.89999389648438
2020-03-05,302.4599914550781,144.9080047607422
2020-03-06,297.4599914550781,140.6959991455078
2020-03-09,274.2300109863281,121.5999984741211
2020-03-10,288.4200134277344,129.0659942626953
2020-03-11,274.3599853515625,126.84600067138672
2020-03-12,248.11000061035156,112.11000061035156
2020-03-13,269.32000732421875,109.3239974975586
2020-03-16,239.85000610351562,89.01399993896484
2020-03-17,252.8000030517578,86.04000091552734
2020-03-18,240.0,72.24400329589844
2020-03-19,240.50999450683594,85.52799987792969
2020-03-20,228.8000030517578,85.50599670410156
2020-03-23,222.9499969482422,86.85800170898438
2020-03-24,243.14999389648438,101.0
2020-03-25,246.7899932861328,107.8499984741211
2020-03-26,261.20001220703125,105.63200378417969
2020-03-27,253.4199981689453,102.87200164794922
2020-03-30,261.6499938964844,100.4260025024414
2020-03-31,257.75,104.80000305175781
2020-04-01,246.14999389648438,96.31199645996094
2020-04-02,251.8300018310547,90.89399719238281
2020-04-03,248.19000244140625,96.00199890136719
2020-04-06,264.8599853515625,103.24800109863281
2020-04-07,265.1300048828125,109.08999633789062
2020-04-08,274.0299987792969,109.76799774169922
2020-04-09,278.20001220703125,114.5999984741211
2020-04-13,275.6600036621094,130.19000244140625
2020-04-14,283.7900085449219,141.97799682617188
2020-04-15,277.760009765625,145.96600341796875
2020-04-16,279.1000061035156,149.04200744628906
2020-04-17,286.6400146484375,150.7779998779297
2020-04-20,281.5899963378906,149.27200317382812
2020-04-21,273.0400085449219,137.343994140625
2020-04-22,279.1000061035156,146.4219970703125
2020-04-23,279.0799865722656,141.12600708007812
2020-04-24,282.9700012207031,145.02999877929688
2020-04-27,287.04998779296875,159.75
2020-04-28,285.7300109863281,153.82400512695312
2020-04-29,293.2099914550781,160.1020050048828
2020-04-30,290.4800109863281,156.37600708007812
2020-05-01,282.7900085449219,140.26400756835938
2020-05-04,283.57000732421875,152.23800659179688
2020-05-05,286.19000244140625,153.64199829101562
2020-05-06,284.25,156.51600646972656
2020-05-07,287.67999267578125,156.00799560546875
2020-05-08,292.44000244140625,163.88400268554688
2020-05-11,292.5,162.25799560546875
2020-05-12,286.6700134277344,161.8820037841797
2020-05-13,281.6000061035156,158.19200134277344
2020-05-14,284.9700012207031,160.66600036621094
2020-05-15,286.2799987792969,159.83399963378906
2020-05-18,295.0,162.7259979248047
2020-05-19,291.9700012207031,161.6020050048828
2020-05-20,296.92999267578125,163.11199951171875
2020-05-21,294.8800048828125,165.52000427246094
2020-05-22,295.44000244140625,163.37600708007812
2020-05-26,299.0799865722656,163.7740020751953
2020-05-27,303.5299987792969,164.04600524902344
2020-05-28,302.9700012207031,161.16200256347656
2020-05-29,304.32000732421875,167.0
2020-06-01,305.54998779296875,179.6199951171875
2020-06-02,308.0799865722656,176.31199645996094
2020-06-03,312.17999267578125,176.5919952392578
2020-06-04,311.3599853515625,172.87600708007812
2020-06-05,319.3399963378906,177.1320037841797
2020-06-08,323.20001220703125,189.98399353027344
2020-06-09,320.7900085449219,188.13400268554688
2020-06-10,319.0,205.00999450683594
2020-06-11,300.6099853515625,194.5679931640625
2020-06-12,304.2099914550781,187.05599975585938
2020-06-15,307.04998779296875,198.17999267578125
2020-06-16,312.9599914550781,196.42599487304688
2020-06-17,311.6600036621094,198.35800170898438
2020-06-18,311.7799987792969,200.79200744628906
2020-06-19,308.6400146484375,200.17999267578125
2020-06-22,310.6199951171875,198.86399841308594
2020-06-23,312.04998779296875,200.3560028076172
2020-06-24,304.0899963378906,192.1699981689453
2020-06-25,307.3500061035156,197.1959991455078
2020-06-26,300.04998779296875,191.947998046875
2020-06-29,304.4599914550781,201.8699951171875
2020-06-30,308.3599853515625,215.96200561523438
2020-07-01,310.5199890136719,223.92599487304688
2020-07-02,312.2300109863281,241.73199462890625
2020-07-06,317.04998779296875,274.3160095214844
2020-07-07,313.7799987792969,277.97198486328125
2020-07-08,316.17999267578125,273.1759948730469
2020-07-09,314.3800048828125,278.8559875488281
2020-07-10,317.5899963378906,308.92999267578125
2020-07-13,314.8399963378906,299.4119873046875
2020-07-14,318.9200134277344,303.3599853515625
2020-07-15,321.8500061035156,309.2019958496094
2020-07-16,320.7900085449219,300.12799072265625
2020-07-17,321.7200012207031,300.1679992675781
2020-07-20,324.32000732421875,328.6000061035156
2020-07-21,325.010009765625,313.6719970703125
2020-07-22,326.8599853515625,318.46600341796875
2020-07-23,322.9599914550781,302.614013671875
2020-07-24,320.8800048828125,283.3999938964844
2020-07-27,323.2200012207031,307.9200134277344
2020-07-28,321.1700134277344,295.2980041503906
2020-07-29,325.1199951171875,299.8219909667969
2020-07-30,323.9599914550781,297.49798583984375
2020-07-31,326.5199890136719,286.1520080566406
2020-08-03,328.7900085449219,297.0
2020-08-04,330.05999755859375,297.3999938964844
2020-08-05,332.1099853515625,297.0039978027344
2020-08-06,334.3299865722656,297.9159851074219
2020-08-07,334.57000732421875,290.5419921875
2020-08-10,335.57000732421875,283.7139892578125
2020-08-11,332.79998779296875,274.87799072265625
2020-08-12,337.44000244140625,310.9519958496094
2020-08-13,336.8299865722656,324.20001220703125
2020-08-14,336.8399963378906,330.1419982910156
2020-08-17,337.9100036621094,367.12799072265625
2020-08-18,338.6400146484375,377.4179992675781
2020-08-19,337.2300109863281,375.70599365234375
2020-08-20,338.2799987792969,400.3659973144531
2020-08-21,339.4800109863281,409.9960021972656
2020-08-24,342.9200134277344,402.8399963378906
2020-08-25,344.1199951171875,404.6679992675781
2020-08-26,347.57000732421875,430.6340026855469
2020-08-27,348.3299865722656,447.75
2020-08-28,350.5799865722656,442.67999267578125
2020-08-31,349.30999755859375,498.32000732421875
2020-09-01,352.6000061035156,475.04998779296875
2020-09-02,357.70001220703125,447.3699951171875
2020-09-03,345.3900146484375,407.0
2020-09-04,342.57000732421875,418.32000732421875
2020-09-08,333.2099914550781,330.2099914550781
2020-09-09,339.7900085449219,366.2799987792969
2020-09-10,333.8900146484375,371.3399963378906
2020-09-11,334.05999755859375,372.7200012207031
2020-09-14,338.4599914550781,419.6199951171875
2020-09-15,340.1700134277344,449.760009765625
2020-09-16,338.82000732421875,441.760009765625
2020-09-17,335.8399963378906,423.42999267578125
2020-09-18,330.6499938964844,442.1499938964844
2020-09-21,326.9700012207031,449.3900146484375
2020-09-22,330.29998779296875,424.2300109863281
2020-09-23,322.6400146484375,380.3599853515625
2020-09-24,323.5,387.7900085449219
2020-09-25,328.7300109863281,407.3399963378906
2020-09-28,334.19000244140625,421.20001220703125
2020-09-29,332.3699951171875,419.07000732421875
2020-09-30,334.8900146484375,429.010009765625
2020-10-01,337.0400085449219,448.1600036621094
2020-10-02,333.8399963378906,415.0899963378906
2020-10-05,339.760009765625,425.67999267578125
2020-10-06,334.92999267578125,413.9800109863281
2020-10-07,340.760009765625,425.29998779296875
2020-10-08,343.7799987792969,425.9200134277344
2020-10-09,346.8500061035156,434.0
2020-10-12,352.42999267578125,442.29998779296875
2020-10-13,350.1300048828125,446.6499938964844
2020-10-14,347.92999267578125,461.29998779296875
2020-10-15,347.5,448.8800048828125
2020-10-16,347.2900085449219,439.6700134277344
2020-10-19,342.010009765625,430.8299865722656
2020-10-20,343.3800048828125,421.94000244140625
2020-10-21,342.7300109863281,422.6400146484375
2020-10-22,344.6099853515625,425.7900085449219
2020-10-23,345.7799987792969,420.6300048828125
2020-10-26,339.3900146484375,420.2799987792969
2020-10-27,338.2200012207031,424.67999267578125
2020-10-28,326.6600036621094,406.0199890136719
2020-10-29,329.9800109863281,410.8299865722656
2020-10-30,326.5400085449219,388.0400085449219
2020-11-02,330.20001220703125,400.510009765625
2020-11-03,336.0299987792969,423.8999938964844
2020-11-04,343.5400085449219,420.9800109863281
2020-11-05,350.239990234375,438.0899963378906
2020-11-06,350.1600036621094,429.95001220703125
2020-11-09,354.55999755859375,421.260009765625
2020-11-10,354.0400085449219,410.3599853515625
2020-11-11,356.6700134277344,417.1300048828125
2020-11-12,353.2099914550781,411.760009765625
2020-11-13,358.1000061035156,408.5
2020-11-16,362.57000732421875,408.0899963378906
2020-11-17,360.6199951171875,441.6099853515625
2020-11-18,356.2799987792969,486.6400146484375
2020-11-19,357.7799987792969,499.2699890136719
2020-11-20,355.3299865722656,489.6099853515625
2020-11-23,357.4599914550781,521.8499755859375
2020-11-24,363.2200012207031,555.3800048828125
2020-11-25,362.6600036621094,574.0
2020-11-27,363.6700134277344,585.760009765625
2020-11-30,362.05999755859375,567.5999755859375
2020-12-01,366.0199890136719,584.760009765625
2020-12-02,366.7900085449219,568.8200073242188
2020-12-03,366.69000244140625,593.3800048828125
2020-12-04,369.8500061035156,599.0399780273438
2020-12-07,369.0899963378906,641.760009765625
2020-12-08,370.1700134277344,649.8800048828125
2020-12-09,366.8500061035156,604.47998046875
2020-12-10,366.7300109863281,627.0700073242188
2020-12-11,366.29998779296875,609.989990234375
2020-12-14,364.6600036621094,639.8300170898438
2020-12-15,369.5899963378906,633.25
2020-12-16,370.1700134277344,622.77001953125
2020-12-17,372.239990234375,655.9000244140625
2020-12-18,369.17999267578125,695.0
2020-12-21,367.8599853515625,649.8599853515625
2020-12-22,367.239990234375,640.3400268554688
2020-12-23,367.57000732421875,645.97998046875
2020-12-24,369.0,661.77001953125
2020-12-28,372.1700134277344,663.6900024414062
2020-12-29,371.4599914550781,665.989990234375
2020-12-30,371.989990234375,694.780029296875
2020-12-31,373.8800048828125,705.6699829101562
2021-01-04,368.7900085449219,729.77001953125
2021-01-05,371.3299865722656,735.1099853515625
2021-01-06,373.54998779296875,755.97998046875
2021-01-07,379.1000061035156,816.0399780273438
2021-01-08,381.260009765625,880.02001953125
2021-01-11,378.69000244140625,811.1900024414062
2021-01-12,378.7699890136719,849.4400024414062
2021-01-13,379.7900085449219,854.4099731445312
2021-01-14,378.4599914550781,845.0
2021-01-15,375.70001220703125,826.1599731445312
2021-01-19,378.6499938964844,844.5499877929688
2021-01-20,383.8900146484375,850.4500122070312
2021-01-21,384.239990234375,844.989990234375
2021-01-22,382.8800048828125,846.6400146484375
2021-01-25,384.3900146484375,880.7999877929688
2021-01-26,383.7900085449219,883.0900268554688
2021-01-27,374.4100036621094,864.1599731445312
2021-01-28,377.6300048828125,835.4299926757812
2021-01-29,370.07000732421875,793.530029296875
2021-02-01,376.2300109863281,839.8099975585938
2021-02-02,381.54998779296875,872.7899780273438
2021-02-03,381.8500061035156,854.6900024414062
2021-02-04,386.19000244140625,849.989990234375
2021-02-05,387.7099914550781,852.22998046875
2021-02-08,390.510009765625,863.4199829101562
2021-02-09,390.25,849.4600219726562
2021-02-10,390.0799865722656,804.8200073242188
2021-02-11,390.7099914550781,811.6599731445312
2021-02-12,392.6400146484375,816.1199951171875
2021-02-16,392.29998779296875,796.219970703125
2021-02-17,392.3900146484375,798.1500244140625
2021-02-18,390.7200012207031,787.3800048828125
2021-02-19,390.0299987792969,781.2999877929688
2021-02-22,387.0299987792969,714.5
2021-02-23,387.5,698.8400268554688
2021-02-24,391.7699890136719,742.02001953125
2021-02-25,382.3299865722656,682.219970703125
2021-02-26,380.3599853515625,675.5
2021-03-01,389.5799865722656,718.4299926757812
2021-03-02,386.5400085449219,686.4400024414062
2021-03-03,381.4200134277344,653.2000122070312
2021-03-04,376.70001220703125,621.4400024414062
2021-03-05,383.6300048828125,597.9500122070312
2021-03-08,381.7200012207031,563.0
2021-03-09,387.1700134277344,673.5800170898438
2021-03-10,389.5799865722656,668.0599975585938
2021-03-11,393.5299987792969,699.5999755859375
2021-03-12,394.05999755859375,693.72998046875
2021-03-15,396.4100036621094,707.9400024414062
2021-03-16,395.9100036621094,676.8800048828125
2021-03-17,397.260009765625,701.8099975585938
2021-03-18,391.4800109863281,653.1599731445312
2021-03-19,389.4800109863281,654.8699951171875
2021-03-22,392.5899963378906,670.0
2021-03-23,389.5,662.1599731445312
2021-03-24,387.5199890136719,630.27001953125
2021-03-25,389.70001220703125,640.3900146484375
2021-03-26,395.9800109863281,618.7100219726562
2021-03-29,395.7799987792969,611.2899780273438
2021-03-30,394.7300109863281,635.6199951171875
2021-03-31,396.3299865722656,667.9299926757812
2021-04-01,400.6099853515625,661.75
2021-04-05,406.3599853515625,691.0499877929688
2021-04-06,406.1199951171875,691.6199951171875
2021-04-07,406.5899963378906,670.969970703125
2021-04-08,408.5199890136719,683.7999877929688
2021-04-09,411.489990234375,677.02001953125
2021-04-12,411.6400146484375,701.97998046875
2021-04-13,412.8599853515625,762.3200073242188
2021-04-14,411.45001220703125,732.22998046875
2021-04-15,415.8699951171875,738.8499755859375
2021-04-16,417.260009765625,739.780029296875
2021-04-19,415.2099914550781,714.6300048828125
2021-04-20,412.1700134277344,718.989990234375
2021-04-21,416.07000732421875,744.1199951171875
2021-04-22,412.2699890136719,719.6900024414062
2021-04-23,416.739990234375,729.4000244140625
2021-04-26,417.6099853515625,738.2000122070312
2021-04-27,417.5199890136719,704.739990234375
2021-04-28,417.3999938964844,694.4000244140625
2021-04-29,420.05999755859375,677.0
2021-04-30,417.29998779296875,709.4400024414062
2021-05-03,418.20001220703125,684.9000244140625
2021-05-04,415.6199951171875,673.5999755859375
2021-05-05,415.75,670.9400024414062
2021-05-06,419.07000732421875,663.5399780273438
2021-05-07,422.1199951171875,672.3699951171875
2021-05-10,417.94000244140625,629.0399780273438
2021-05-11,414.2099914550781,617.2000122070312
2021-05-12,405.4100036621094,589.8900146484375
2021-05-13,410.2799987792969,571.6900024414062
2021-05-14,416.5799865722656,589.739990234375
2021-05-17,415.5199890136719,576.8300170898438
2021-05-18,411.94000244140625,577.8699951171875
2021-05-19,410.8599853515625,563.4600219726562
2021-05-20,415.2799987792969,586.780029296875
2021-05-21,414.94000244140625,580.8800048828125
2021-05-24,419.1700134277344,606.4400024414062
2021-05-25,418.239990234375,604.6900024414062
2021-05-26,419.07000732421875,619.1300048828125
2021-05-27,419.2900085449219,630.8499755859375
2021-05-28,420.0400085449219,625.219970703125
